Individual,Class,Amount,Unit
BaconCalcium,SubstancePortion,10,mg/100g
BaconCarbohydrate,SubstancePortion,1430,mg/100g
BaconCholesterol,SubstancePortion,110,mg/100g
BaconFat,SubstancePortion,42000,mg/100g
BaconFoodEnergy,SubstancePortion,541,cal/100g
BaconIron,SubstancePortion,0.82,mg/100g
BaconPotassium,SubstancePortion,565,mg/100g
BaconProtein,SubstancePortion,37000,mg/100g
BaconSodium,SubstancePortion,1717,mg/100g
BaconVitaminA,SubstancePortion,0.0039,mg/100g
DeliHamCalcium,SubstancePortion,6,mg/100g
DeliHamCarbohydrate,SubstancePortion,2280,mg/100g
DeliHamCholesterol,SubstancePortion,30,mg/100g
DeliHamFat,SubstancePortion,8390,mg/100g
DeliHamFoodEnergy,SubstancePortion,162,cal/100g
DeliHamIron,SubstancePortion,0.8,mg/100g
DeliHamPotassium,SubstancePortion,250,mg/100g
DeliHamProtein,SubstancePortion,18260,mg/100g
DeliHamSodium,SubstancePortion,1200,mg/100g
DicedChickenCalcium,SubstancePortion,12,mg/100g
DicedChickenCholesterol,SubstancePortion,48,mg/100g
DicedChickenFat,SubstancePortion,1100,mg/100g
DicedChickenFoodEnergy,SubstancePortion,110,cal/100g
DicedChickenIron,SubstancePortion,0.9,mg/100g
DicedChickenPotassium,SubstancePortion,256,mg/100g
DicedChickenProtein,SubstancePortion,22000,mg/100g
DicedChickenSodium,SubstancePortion,560,mg/100g
CookedChickenCalcium,SubstancePortion,6,mg/100g
CookedChickenCholesterol,SubstancePortion,116,mg/100g
CookedChickenFat,SubstancePortion,3200,mg/100g
CookedChickenFoodEnergy,SubstancePortion,157,cal/100g
CookedChickenIron,SubstancePortion,0.5,mg/100g
CookedChickenPotassium,SubstancePortion,343,mg/100g
CookedChickenProtein,SubstancePortion,32100,mg/100g
CookedChickenSodium,SubstancePortion,47,mg/100g
DeliTurkeyCalcium,SubstancePortion,10,mg/100g
DeliTurkeyCarbohydrate,SubstancePortion,4210,mg/100g
DeliTurkeyCholesterol,SubstancePortion,30,mg/100g
DeliTurkeyFat,SubstancePortion,1660,mg/100g
DeliTurkeyFoodEnergy,SubstancePortion,104,cal/100g
DeliTurkeyIron,SubstancePortion,0.7,mg/100g
DeliTurkeyPotassium,SubstancePortion,250,mg/100g
DeliTurkeyProtein,SubstancePortion,17070,mg/100g
DeliTurkeySodium,SubstancePortion,1000,mg/100g
CookedTurkeyCalcium,SubstancePortion,11,mg/100g
CookedTurkeyCholesterol,SubstancePortion,109,mg/100g
CookedTurkeyFat,SubstancePortion,4970,mg/100g
CookedTurkeyFoodEnergy,SubstancePortion,170,cal/100g
CookedTurkeyIron,SubstancePortion,1.1,mg/100g
CookedTurkeyPotassium,SubstancePortion,239,mg/100g
CookedTurkeyProtein,SubstancePortion,29320,mg/100g
CookedTurkeySodium,SubstancePortion,90,mg/100g
TunaCalcium,SubstancePortion,4,mg/100g
TunaCholesterol,SubstancePortion,45,mg/100g
TunaFat,SubstancePortion,600,mg/100g
TunaFoodEnergy,SubstancePortion,130,cal/100g
TunaIron,SubstancePortion,1.0,mg/100g
TunaPotassium,SubstancePortion,252,mg/100g
TunaProtein,SubstancePortion,29000,mg/100g
TunaSodium,SubstancePortion,50,mg/100g
CrabCalcium,SubstancePortion,91,mg/100g
CrabCholesterol,SubstancePortion,55,mg/100g
CrabFat,SubstancePortion,700,mg/100g
CrabFoodEnergy,SubstancePortion,83,cal/100g
CrabIron,SubstancePortion,0.8,mg/100g
CrabPotassium,SubstancePortion,259,mg/100g
CrabProtein,SubstancePortion,18000,mg/100g
CrabSodium,SubstancePortion,911,mg/100g
HardCookedEggsCalcium,SubstancePortion,50,mg/100g
HardCookedEggsCarbohydrate,SubstancePortion,1120,mg/100g
HardCookedEggsCholesterol,SubstancePortion,186,mg/100g
HardCookedEggsFat,SubstancePortion,10610,mg/100g
HardCookedEggsFoodEnergy,SubstancePortion,155,cal/100g
HardCookedEggsIron,SubstancePortion,1.2,mg/100g
HardCookedEggsPotassium,SubstancePortion,126,mg/100g
HardCookedEggsProtein,SubstancePortion,12580,mg/100g
HardCookedEggsSodium,SubstancePortion,124,mg/100g
HardCookedEggsVitaminA,SubstancePortion,0.64,mg/100g
HardBoiledEggsCalcium,SubstancePortion,50,mg/100g
HardBoiledEggsCarbohydrate,SubstancePortion,1120,mg/100g
HardBoiledEggsCholesterol,SubstancePortion,186,mg/100g
HardBoiledEggsFat,SubstancePortion,10610,mg/100g
HardBoiledEggsFoodEnergy,SubstancePortion,155,cal/100g
HardBoiledEggsIron,SubstancePortion,1.2,mg/100g
HardBoiledEggsPotassium,SubstancePortion,126,mg/100g
HardBoiledEggsProtein,SubstancePortion,12580,mg/100g
HardBoiledEggsSodium,SubstancePortion,124,mg/100g
HardBoiledEggsVitaminA,SubstancePortion,0.64,mg/100g
AppleCalcium,SubstancePortion,6,mg/100g
AppleCarbohydrate,SubstancePortion,13.81,g/100g
AppleFat,SubstancePortion,0.17,g/100g
AppleFoodEnergy,SubstancePortion,52,cal/100g
AppleIron,SubstancePortion,0.12,mg/100g
ApplePotassium,SubstancePortion,107,mg/100g
AppleProtein,SubstancePortion,0.26,g/100g
AppleSodium,SubstancePortion,1,mg/100g
AppleVitaminA,SubstancePortion,54,IU/100g
AppleVitaminC,SubstancePortion,4.6,mg/100g
PineappleCalcium,SubstancePortion,13,mg/100g
PineappleCarbohydrate,SubstancePortion,13.12,g/100g
PineappleFat,SubstancePortion,0.12,g/100g
PineappleFoodEnergy,SubstancePortion,50,cal/100g
PineappleIron,SubstancePortion,0.29,mg/100g
PineapplePotassium,SubstancePortion,109,mg/100g
PineappleProtein,SubstancePortion,0.54,g/100g
PineappleSodium,SubstancePortion,1,mg/100g
PineappleVitaminA,SubstancePortion,58,IU/100g
PineappleVitaminC,SubstancePortion,47.8,mg/100g
StrawberriesCalcium,SubstancePortion,16,mg/100g
StrawberriesCarbohydrate,SubstancePortion,7.68,g/100g
StrawberriesFat,SubstancePortion,0.3,g/100g
StrawberriesFoodEnergy,SubstancePortion,32,cal/100g
StrawberriesIron,SubstancePortion,0.41,mg/100g
StrawberriesPotassium,SubstancePortion,153,mg/100g
StrawberriesProtein,SubstancePortion,0.67,g/100g
StrawberriesSodium,SubstancePortion,1,mg/100g
StrawberriesVitaminA,SubstancePortion,12,IU/100g
StrawberriesVitaminC,SubstancePortion,58.8,mg/100g
BlueberriesCalcium,SubstancePortion,6,mg/100g
BlueberriesCarbohydrate,SubstancePortion,14.49,g/100g
BlueberriesFat,SubstancePortion,0.33,g/100g
BlueberriesFoodEnergy,SubstancePortion,57,cal/100g
BlueberriesIron,SubstancePortion,0.28,mg/100g
BlueberriesPotassium,SubstancePortion,77,mg/100g
BlueberriesProtein,SubstancePortion,0.74,g/100g
BlueberriesSodium,SubstancePortion,1,mg/100g
BlueberriesVitaminA,SubstancePortion,54,IU/100g
BlueberriesVitaminC,SubstancePortion,9.7,mg/100g
KiwiCalcium,SubstancePortion,34,mg/100g
KiwiCarbohydrate,SubstancePortion,14.66,g/100g
KiwiFat,SubstancePortion,0.52,g/100g
KiwiFoodEnergy,SubstancePortion,61,cal/100g
KiwiIron,SubstancePortion,0.31,mg/100g
KiwiPotassium,SubstancePortion,312,mg/100g
KiwiProtein,SubstancePortion,1.14,g/100g
KiwiSodium,SubstancePortion,3,mg/100g
KiwiVitaminA,SubstancePortion,87,IU/100g
KiwiVitaminC,SubstancePortion,92.7,mg/100g
MandarinOrangesCalcium,SubstancePortion,37,mg/100g
MandarinOrangesCarbohydrate,SubstancePortion,13.34,g/100g
MandarinOrangesFat,SubstancePortion,0.3,g/100g
MandarinOrangesFoodEnergy,SubstancePortion,53,cal/100g
MandarinOrangesIron,SubstancePortion,0.15,mg/100g
MandarinOrangesPotassium,SubstancePortion,166,mg/100g
MandarinOrangesProtein,SubstancePortion,0.81,g/100g
MandarinOrangesSodium,SubstancePortion,2,mg/100g
MandarinOrangesVitaminA,SubstancePortion,681,IU/100g
MandarinOrangesVitaminC,SubstancePortion,26.7,mg/100g
RaisinsCalcium,SubstancePortion,50,mg/100g
RaisinsCarbohydrate,SubstancePortion,79.32,g/100g
RaisinsFat,SubstancePortion,0.25,g/100g
RaisinsFoodEnergy,SubstancePortion,299,cal/100g
RaisinsIron,SubstancePortion,1.88,mg/100g
RaisinsPotassium,SubstancePortion,749,mg/100g
RaisinsProtein,SubstancePortion,3.07,g/100g
RaisinsSodium,SubstancePortion,11,mg/100g
RaisinsVitaminC,SubstancePortion,2.3,mg/100g
MangoCalcium,SubstancePortion,11,mg/100g
MangoCarbohydrate,SubstancePortion,14.98,g/100g
MangoFat,SubstancePortion,0.38,g/100g
MangoFoodEnergy,SubstancePortion,60,cal/100g
MangoIron,SubstancePortion,0.16,mg/100g
MangoPotassium,SubstancePortion,168,mg/100g
MangoProtein,SubstancePortion,0.82,g/100g
MangoSodium,SubstancePortion,1,mg/100g
MangoVitaminA,SubstancePortion,1082,IU/100g
MangoVitaminC,SubstancePortion,36.4,mg/100g
FigsCalcium,SubstancePortion,35,mg/100g
FigsCarbohydrate,SubstancePortion,19.18,g/100g
FigsFat,SubstancePortion,0.3,g/100g
FigsFoodEnergy,SubstancePortion,74,cal/100g
FigsIron,SubstancePortion,0.37,mg/100g
FigsPotassium,SubstancePortion,232,mg/100g
FigsProtein,SubstancePortion,0.75,g/100g
FigsSodium,SubstancePortion,1,mg/100g
FigsVitaminA,SubstancePortion,142,IU/100g
FigsVitaminC,SubstancePortion,2,mg/100g
MaraschinoCherriesCalcium,SubstancePortion,3,mg/100g
MaraschinoCherriesCarbohydrate,SubstancePortion,40,g/100g
MaraschinoCherriesFat,SubstancePortion,0.1,g/100g
MaraschinoCherriesFoodEnergy,SubstancePortion,160,cal/100g
MaraschinoCherriesIron,SubstancePortion,0.02,mg/100g
MaraschinoCherriesPotassium,SubstancePortion,1,mg/100g
MaraschinoCherriesProtein,SubstancePortion,0.1,g/100g
MaraschinoCherriesSodium,SubstancePortion,0.2,mg/100g
MaraschinoCherriesVitaminA,SubstancePortion,0.001,mg/100g
BlueCheeseCrumblesCalcium,SubstancePortion,150,mg/100g
BlueCheeseCrumblesCarbohydrate,SubstancePortion,0.7,g/100g
BlueCheeseCrumblesCholesterol,SubstancePortion,89,mg/100g
BlueCheeseCrumblesFat,SubstancePortion,29,g/100g
BlueCheeseCrumblesFoodEnergy,SubstancePortion,357,cal/100g
BlueCheeseCrumblesPotassium,SubstancePortion,22,mg/100g
BlueCheeseCrumblesProtein,SubstancePortion,21,g/100g
BlueCheeseCrumblesSodium,SubstancePortion,929,mg/100g
BlueCheeseCrumblesVitaminA,SubstancePortion,0.056,mg/100g
FetaCubesOrCrumblesCalcium,SubstancePortion,493,mg/100g
FetaCubesOrCrumblesCarbohydrate,SubstancePortion,4.09,g/100g
FetaCubesOrCrumblesCholesterol,SubstancePortion,89,mg/100g
FetaCubesOrCrumblesFat,SubstancePortion,21.28,g/100g
FetaCubesOrCrumblesFoodEnergy,SubstancePortion,264,cal/100g
FetaCubesOrCrumblesIron,SubstancePortion,0.36,mg/100g
FetaCubesOrCrumblesPotassium,SubstancePortion,62,mg/100g
FetaCubesOrCrumblesProtein,SubstancePortion,14.21,g/100g
FetaCubesOrCrumblesSodium,SubstancePortion,1139,mg/100g
FetaCubesOrCrumblesVitaminA,SubstancePortion,0.125,mg/100g
MozzarellaCalcium,SubstancePortion,505,mg/100g
MozzarellaCarbohydrate,SubstancePortion,3.83,g/100g
MozzarellaCholesterol,SubstancePortion,79,mg/100g
MozzarellaFat,SubstancePortion,20.03,g/100g
MozzarellaFoodEnergy,SubstancePortion,302,cal/100g
MozzarellaIron,SubstancePortion,0.38,mg/100g
MozzarellaPotassium,SubstancePortion,95,mg/100g
MozzarellaProtein,SubstancePortion,25.96,g/100g
MozzarellaSodium,SubstancePortion,627,mg/100g
MozzarellaVitaminA,SubstancePortion,0.143,mg/100g
CheddarCheeseCalcium,SubstancePortion,721,mg/100g
CheddarCheeseCarbohydrate,SubstancePortion,1.28,g/100g
CheddarCheeseCholesterol,SubstancePortion,105,mg/100g
CheddarCheeseFat,SubstancePortion,33.14,g/100g
CheddarCheeseFoodEnergy,SubstancePortion,403,cal/100g
CheddarCheeseIron,SubstancePortion,0.68,mg/100g
CheddarCheesePotassium,SubstancePortion,98,mg/100g
CheddarCheeseProtein,SubstancePortion,24.9,g/100g
CheddarCheeseSodium,SubstancePortion,621,mg/100g
CheddarCheeseVitaminA,SubstancePortion,0.265,mg/100g
FreshMozzarellaCalcium,SubstancePortion,505,mg/100g
FreshMozzarellaCarbohydrate,SubstancePortion,3.83,g/100g
FreshMozzarellaCholesterol,SubstancePortion,79,mg/100g
FreshMozzarellaFat,SubstancePortion,20.03,g/100g
FreshMozzarellaFoodEnergy,SubstancePortion,302,cal/100g
FreshMozzarellaIron,SubstancePortion,0.38,mg/100g
FreshMozzarellaPotassium,SubstancePortion,95,mg/100g
FreshMozzarellaProtein,SubstancePortion,25.96,g/100g
FreshMozzarellaSodium,SubstancePortion,627,mg/100g
FreshMozzarellaVitaminA,SubstancePortion,0.143,mg/100g
ParmesanCheeseCalcium,SubstancePortion,1155,mg/100g
ParmesanCheeseCholesterol,SubstancePortion,80,mg/100g
ParmesanCheeseFat,SubstancePortion,29.7,g/100g
ParmesanCheeseFoodEnergy,SubstancePortion,402,cal/100g
ParmesanCheeseIron,SubstancePortion,0.82,mg/100g
ParmesanCheesePotassium,SubstancePortion,125,mg/100g
ParmesanCheeseProtein,SubstancePortion,32.4,g/100g
ParmesanCheeseSodium,SubstancePortion,1600,mg/100g
ParmesanCheeseVitaminA,SubstancePortion,0.26,mg/100g
LettuceCalcium,SubstancePortion,36,mg/100g
LettuceCarbohydrate,SubstancePortion,2.97,g/100g
LettuceFat,SubstancePortion,0.14,g/100g
LettuceFoodEnergy,SubstancePortion,14,cal/100g
LettuceIron,SubstancePortion,0.5,mg/100g
LettucePotassium,SubstancePortion,194,mg/100g
LettuceProtein,SubstancePortion,0.9,g/100g
LettuceSodium,SubstancePortion,28,mg/100g
LettuceVitaminA,SubstancePortion,0.370,mg/100g
LettuceVitaminC,SubstancePortion,9.2,mg/100g
WhiteCabbageCalcium,SubstancePortion,40,mg/100g
WhiteCabbageCarbohydrate,SubstancePortion,4.8,g/100g
WhiteCabbageFat,SubstancePortion,0.1,g/100g
WhiteCabbageFoodEnergy,SubstancePortion,24,cal/100g
WhiteCabbageIron,SubstancePortion,0.5,mg/100g
WhiteCabbagePotassium,SubstancePortion,170,mg/100g
WhiteCabbageProtein,SubstancePortion,1.2,g/100g
WhiteCabbageSodium,SubstancePortion,18,mg/100g
WhiteCabbageVitaminA,SubstancePortion,0.005,mg/100g
WhiteCabbageVitaminC,SubstancePortion,36.6,mg/100g
RedCabbageCalcium,SubstancePortion,45,mg/100g
RedCabbageCarbohydrate,SubstancePortion,7.37,g/100g
RedCabbageFat,SubstancePortion,0.16,g/100g
RedCabbageFoodEnergy,SubstancePortion,31,cal/100g
RedCabbageIron,SubstancePortion,0.8,mg/100g
RedCabbagePotassium,SubstancePortion,243,mg/100g
RedCabbageProtein,SubstancePortion,1.43,g/100g
RedCabbageSodium,SubstancePortion,27,mg/100g
RedCabbageVitaminA,SubstancePortion,0.015,mg/100g
RedCabbageVitaminC,SubstancePortion,57,mg/100g
NapaCabbageCalcium,SubstancePortion,77,mg/100g
NapaCabbageCarbohydrate,SubstancePortion,2.2,g/100g
NapaCabbageFat,SubstancePortion,0.2,g/100g
NapaCabbageFoodEnergy,SubstancePortion,12,cal/100g
NapaCabbageIron,SubstancePortion,0.8,mg/100g
NapaCabbagePotassium,SubstancePortion,230,mg/100g
NapaCabbageProtein,SubstancePortion,1.1,g/100g
NapaCabbageSodium,SubstancePortion,4,mg/100g
NapaCabbageVitaminA,SubstancePortion,0.014,mg/100g
NapaCabbageVitaminC,SubstancePortion,27,mg/100g
GreenCabbageCalcium,SubstancePortion,40,mg/100g
GreenCabbageCarbohydrate,SubstancePortion,5.58,g/100g
GreenCabbageFat,SubstancePortion,0.12,g/100g
GreenCabbageFoodEnergy,SubstancePortion,24,cal/100g
GreenCabbageIron,SubstancePortion,0.47,mg/100g
GreenCabbagePotassium,SubstancePortion,170,mg/100g
GreenCabbageProtein,SubstancePortion,1.44,g/100g
GreenCabbageSodium,SubstancePortion,18,mg/100g
GreenCabbageVitaminA,SubstancePortion,0.005,mg/100g
GreenCabbageVitaminC,SubstancePortion,36.6,mg/100g
ParsleyCalcium,SubstancePortion,138,mg/100g
ParsleyCarbohydrate,SubstancePortion,6.33,g/100g
ParsleyFat,SubstancePortion,0.79,g/100g
ParsleyFoodEnergy,SubstancePortion,36,cal/100g
ParsleyIron,SubstancePortion,6.2,mg/100g
ParsleyPotassium,SubstancePortion,554,mg/100g
ParsleyProtein,SubstancePortion,2.97,g/100g
ParsleySodium,SubstancePortion,56,mg/100g
ParsleyVitaminA,SubstancePortion,0.421,mg/100g
ParsleyVitaminC,SubstancePortion,133,mg/100g
MintCalcium,SubstancePortion,199,mg/100g
MintCarbohydrate,SubstancePortion,14.89,g/100g
MintFat,SubstancePortion,0.94,g/100g
MintFoodEnergy,SubstancePortion,70,cal/100g
MintIron,SubstancePortion,5.08,mg/100g
MintPotassium,SubstancePortion,569,mg/100g
MintProtein,SubstancePortion,3.75,g/100g
MintSodium,SubstancePortion,31,mg/100g
MintVitaminA,SubstancePortion,0.424,mg/100g
MintVitaminC,SubstancePortion,31.8,mg/100g
BasilCalcium,SubstancePortion,177,mg/100g
BasilCarbohydrate,SubstancePortion,4.34,g/100g
BasilFat,SubstancePortion,0.61,g/100g
BasilFoodEnergy,SubstancePortion,27,cal/100g
BasilIron,SubstancePortion,3.17,mg/100g
BasilPotassium,SubstancePortion,295,mg/100g
BasilProtein,SubstancePortion,2.54,g/100g
BasilSodium,SubstancePortion,4,mg/100g
BasilVitaminA,SubstancePortion,0.527,mg/100g
BasilVitaminC,SubstancePortion,18,mg/100g
CeleryLeavesCalcium,SubstancePortion,80,mg/100g
CeleryLeavesCarbohydrate,SubstancePortion,2,g/100g
CeleryLeavesFoodEnergy,SubstancePortion,12,cal/100g
CeleryLeavesPotassium,SubstancePortion,600,mg/100g
CeleryLeavesProtein,SubstancePortion,1,g/100g
CeleryLeavesSodium,SubstancePortion,80,mg/100g
CeleryLeavesVitaminA,SubstancePortion,0.022,mg/100g
CeleryLeavesVitaminC,SubstancePortion,60,mg/100g
RomaineLettuceCalcium,SubstancePortion,33,mg/100g
RomaineLettuceCarbohydrate,SubstancePortion,3.28,g/100g
RomaineLettuceFat,SubstancePortion,0.3,g/100g
RomaineLettuceFoodEnergy,SubstancePortion,17,cal/100g
RomaineLettuceIron,SubstancePortion,0.97,mg/100g
RomaineLettucePotassium,SubstancePortion,247,mg/100g
RomaineLettuceProtein,SubstancePortion,1.23,g/100g
RomaineLettuceSodium,SubstancePortion,8,mg/100g
RomaineLettuceVitaminA,SubstancePortion,0.29,mg/100g
RomaineLettuceVitaminC,SubstancePortion,24,mg/100g
IcebergLettuceCalcium,SubstancePortion,18,mg/100g
IcebergLettuceCarbohydrate,SubstancePortion,2.97,g/100g
IcebergLettuceFat,SubstancePortion,0.14,g/100g
IcebergLettuceFoodEnergy,SubstancePortion,14,cal/100g
IcebergLettuceIron,SubstancePortion,0.41,mg/100g
IcebergLettucePotassium,SubstancePortion,141,mg/100g
IcebergLettuceProtein,SubstancePortion,0.9,g/100g
IcebergLettuceSodium,SubstancePortion,10,mg/100g
IcebergLettuceVitaminA,SubstancePortion,0.025,mg/100g
IcebergLettuceVitaminC,SubstancePortion,2.8,mg/100g
BostonLettuceCalcium,SubstancePortion,36,mg/100g
BostonLettuceCarbohydrate,SubstancePortion,2.23,g/100g
BostonLettuceFat,SubstancePortion,0.22,g/100g
BostonLettuceFoodEnergy,SubstancePortion,13,cal/100g
BostonLettuceIron,SubstancePortion,0.86,mg/100g
BostonLettucePotassium,SubstancePortion,238,mg/100g
BostonLettuceProtein,SubstancePortion,1.35,g/100g
BostonLettuceSodium,SubstancePortion,28,mg/100g
BostonLettuceVitaminA,SubstancePortion,0.370,mg/100g
BostonLettuceVitaminC,SubstancePortion,3.7,mg/100g
ChivesCalcium,SubstancePortion,92,mg/100g
ChivesCarbohydrate,SubstancePortion,4.35,g/100g
ChivesFat,SubstancePortion,0.73,g/100g
ChivesFoodEnergy,SubstancePortion,30,cal/100g
ChivesIron,SubstancePortion,1.6,mg/100g
ChivesPotassium,SubstancePortion,296,mg/100g
ChivesProtein,SubstancePortion,3.27,g/100g
ChivesSodium,SubstancePortion,3,mg/100g
ChivesVitaminA,SubstancePortion,0.435,mg/100g
ChivesVitaminC,SubstancePortion,58.1,mg/100g
CarrotsCalcium,SubstancePortion,33,mg/100g
CarrotsCarbohydrate,SubstancePortion,9.58,g/100g
CarrotsFat,SubstancePortion,0.24,g/100g
CarrotsFoodEnergy,SubstancePortion,41,cal/100g
CarrotsIron,SubstancePortion,0.3,mg/100g
CarrotsPotassium,SubstancePortion,320,mg/100g
CarrotsProtein,SubstancePortion,0.93,g/100g
CarrotsSodium,SubstancePortion,69,mg/100g
CarrotsVitaminA,SubstancePortion,0.835,mg/100g
CarrotsVitaminC,SubstancePortion,5.9,mg/100g
RadishesCalcium,SubstancePortion,25,mg/100g
RadishesCarbohydrate,SubstancePortion,3.4,g/100g
RadishesFat,SubstancePortion,0.1,g/100g
RadishesFoodEnergy,SubstancePortion,16,cal/100g
RadishesIron,SubstancePortion,0.34,mg/100g
RadishesPotassium,SubstancePortion,233,mg/100g
RadishesProtein,SubstancePortion,0.68,g/100g
RadishesSodium,SubstancePortion,39,mg/100g
RadishesVitaminA,SubstancePortion,0.007,mg/100g
RadishesVitaminC,SubstancePortion,14.8,mg/100g
RedOnionCalcium,SubstancePortion,23,mg/100g
RedOnionCarbohydrate,SubstancePortion,10.11,g/100g
RedOnionFat,SubstancePortion,0.08,g/100g
RedOnionFoodEnergy,SubstancePortion,42,cal/100g
RedOnionIron,SubstancePortion,0.21,mg/100g
RedOnionPotassium,SubstancePortion,146,mg/100g
RedOnionProtein,SubstancePortion,0.92,g/100g
RedOnionSodium,SubstancePortion,4,mg/100g
RedOnionVitaminC,SubstancePortion,7.4,mg/100g
WhiteOnionCalcium,SubstancePortion,23,mg/100g
WhiteOnionCarbohydrate,SubstancePortion,9.34,g/100g
WhiteOnionFat,SubstancePortion,0.1,g/100g
WhiteOnionFoodEnergy,SubstancePortion,40,cal/100g
WhiteOnionIron,SubstancePortion,0.21,mg/100g
WhiteOnionPotassium,SubstancePortion,146,mg/100g
WhiteOnionProtein,SubstancePortion,1.1,g/100g
WhiteOnionSodium,SubstancePortion,4,mg/100g
WhiteOnionVitaminC,SubstancePortion,7.4,mg/100g
GreenOnionsCalcium,SubstancePortion,72,mg/100g
GreenOnionsCarbohydrate,SubstancePortion,7.34,g/100g
GreenOnionsFat,SubstancePortion,0.19,g/100g
GreenOnionsFoodEnergy,SubstancePortion,32,cal/100g
GreenOnionsIron,SubstancePortion,1.48,mg/100g
GreenOnionsPotassium,SubstancePortion,276,mg/100g
GreenOnionsProtein,SubstancePortion,1.83,g/100g
GreenOnionsSodium,SubstancePortion,16,mg/100g
GreenOnionsVitaminA,SubstancePortion,0.050,mg/100g
GreenOnionsVitaminC,SubstancePortion,18.8,mg/100g
CeleryCalcium,SubstancePortion,40,mg/100g
CeleryCarbohydrate,SubstancePortion,2.97,g/100g
CeleryFat,SubstancePortion,0.17,g/100g
CeleryFoodEnergy,SubstancePortion,14,cal/100g
CeleryIron,SubstancePortion,0.2,mg/100g
CeleryPotassium,SubstancePortion,260,mg/100g
CeleryProtein,SubstancePortion,0.69,g/100g
CelerySodium,SubstancePortion,80,mg/100g
CeleryVitaminA,SubstancePortion,0.022,mg/100g
CeleryVitaminC,SubstancePortion,3.1,mg/100g
ShallotsCalcium,SubstancePortion,37,mg/100g
ShallotsCarbohydrate,SubstancePortion,16.8,g/100g
ShallotsFat,SubstancePortion,0.1,g/100g
ShallotsFoodEnergy,SubstancePortion,72,cal/100g
ShallotsIron,SubstancePortion,1.2,mg/100g
ShallotsPotassium,SubstancePortion,334,mg/100g
ShallotsProtein,SubstancePortion,2.5,g/100g
ShallotsSodium,SubstancePortion,12,mg/100g
ShallotsVitaminA,SubstancePortion,0.06,mg/100g
ShallotsVitaminC,SubstancePortion,8,mg/100g
GarlicCalcium,SubstancePortion,181,mg/100g
GarlicCarbohydrate,SubstancePortion,33.06,g/100g
GarlicFat,SubstancePortion,0.5,g/100g
GarlicFoodEnergy,SubstancePortion,149,cal/100g
GarlicIron,SubstancePortion,1.7,mg/100g
GarlicPotassium,SubstancePortion,401,mg/100g
GarlicProtein,SubstancePortion,6.36,g/100g
GarlicSodium,SubstancePortion,17,mg/100g
GarlicVitaminC,SubstancePortion,31,mg/100g
TomatoCalcium,SubstancePortion,10,mg/100g
TomatoCarbohydrate,SubstancePortion,3.9,g/100g
TomatoFat,SubstancePortion,0.2,g/100g
TomatoFoodEnergy,SubstancePortion,18,cal/100g
TomatoIron,SubstancePortion,0.5,mg/100g
TomatoPotassium,SubstancePortion,237,mg/100g
TomatoProtein,SubstancePortion,0.9,g/100g
TomatoSodium,SubstancePortion,5,mg/100g
TomatoVitaminA,SubstancePortion,0.833,mg/100g
TomatoVitaminC,SubstancePortion,13.7,mg/100g
CherryTomatoCalcium,SubstancePortion,14.9,mg/100g
CherryTomatoCarbohydrate,SubstancePortion,3.92,g/100g
CherryTomatoFat,SubstancePortion,0.2,g/100g
CherryTomatoFoodEnergy,SubstancePortion,18,cal/100g
CherryTomatoIron,SubstancePortion,0.4,mg/100g
CherryTomatoPotassium,SubstancePortion,353,mg/100g
CherryTomatoProtein,SubstancePortion,0.88,g/100g
CherryTomatoSodium,SubstancePortion,7.45,mg/100g
CherryTomatoVitaminA,SubstancePortion,0.86,mg/100g
CherryTomatoVitaminC,SubstancePortion,14,mg/100g
CucumberCalcium,SubstancePortion,16,mg/100g
CucumberCarbohydrate,SubstancePortion,3.63,g/100g
CucumberFat,SubstancePortion,0.11,g/100g
CucumberFoodEnergy,SubstancePortion,15,cal/100g
CucumberIron,SubstancePortion,0.28,mg/100g
CucumberPotassium,SubstancePortion,147,mg/100g
CucumberProtein,SubstancePortion,0.65,g/100g
CucumberSodium,SubstancePortion,2,mg/100g
CucumberVitaminA,SubstancePortion,0.105,mg/100g
CucumberVitaminC,SubstancePortion,2.8,mg/100g
OlivesCalcium,SubstancePortion,88,mg/100g
OlivesCarbohydrate,SubstancePortion,6.04,g/100g
OlivesFat,SubstancePortion,10.9,g/100g
OlivesFoodEnergy,SubstancePortion,116,cal/100g
OlivesIron,SubstancePortion,6.28,mg/100g
OlivesPotassium,SubstancePortion,8,mg/100g
OlivesProtein,SubstancePortion,0.84,g/100g
OlivesSodium,SubstancePortion,735,mg/100g
OlivesVitaminA,SubstancePortion,0.393,mg/100g
AvocadoCalcium,SubstancePortion,12,mg/100g
AvocadoCarbohydrate,SubstancePortion,8.53,g/100g
AvocadoFat,SubstancePortion,14.66,g/100g
AvocadoFoodEnergy,SubstancePortion,160,cal/100g
AvocadoIron,SubstancePortion,0.55,mg/100g
AvocadoPotassium,SubstancePortion,485,mg/100g
AvocadoProtein,SubstancePortion,2,g/100g
AvocadoSodium,SubstancePortion,7,mg/100g
AvocadoVitaminA,SubstancePortion,0.007,mg/100g
AvocadoVitaminC,SubstancePortion,10,mg/100g
RedBellPepperCalcium,SubstancePortion,7,mg/100g
RedBellPepperCarbohydrate,SubstancePortion,6.0,g/100g
RedBellPepperFat,SubstancePortion,0.3,g/100g
RedBellPepperFoodEnergy,SubstancePortion,26,cal/100g
RedBellPepperIron,SubstancePortion,0.43,mg/100g
RedBellPepperPotassium,SubstancePortion,211,mg/100g
RedBellPepperProtein,SubstancePortion,0.99,g/100g
RedBellPepperSodium,SubstancePortion,4,mg/100g
RedBellPepperVitaminA,SubstancePortion,0.157,mg/100g
RedBellPepperVitaminC,SubstancePortion,127.7,mg/100g
GreenBellPepperCalcium,SubstancePortion,10,mg/100g
GreenBellPepperCarbohydrate,SubstancePortion,4.64,g/100g
GreenBellPepperFat,SubstancePortion,0.17,g/100g
GreenBellPepperFoodEnergy,SubstancePortion,20,cal/100g
GreenBellPepperIron,SubstancePortion,0.34,mg/100g
GreenBellPepperPotassium,SubstancePortion,175,mg/100g
GreenBellPepperProtein,SubstancePortion,0.86,g/100g
GreenBellPepperSodium,SubstancePortion,3,mg/100g
GreenBellPepperVitaminA,SubstancePortion,0.018,mg/100g
GreenBellPepperVitaminC,SubstancePortion,80.4,mg/100g
YellowBellPepperCalcium,SubstancePortion,11,mg/100g
YellowBellPepperCarbohydrate,SubstancePortion,6.32,g/100g
YellowBellPepperFat,SubstancePortion,0.21,g/100g
YellowBellPepperFoodEnergy,SubstancePortion,27,cal/100g
YellowBellPepperIron,SubstancePortion,0.46,mg/100g
YellowBellPepperPotassium,SubstancePortion,212,mg/100g
YellowBellPepperProtein,SubstancePortion,1.0,g/100g
YellowBellPepperSodium,SubstancePortion,2,mg/100g
YellowBellPepperVitaminA,SubstancePortion,0.010,mg/100g
YellowBellPepperVitaminC,SubstancePortion,183,mg/100g
BlackOlivesCalcium,SubstancePortion,90,mg/100g
BlackOlivesCarbohydrate,SubstancePortion,6.06,g/100g
BlackOlivesFat,SubstancePortion,9.54,g/100g
BlackOlivesFoodEnergy,SubstancePortion,105,cal/100g
BlackOlivesIron,SubstancePortion,3.31,mg/100g
BlackOlivesPotassium,SubstancePortion,8,mg/100g
BlackOlivesProtein,SubstancePortion,0.88,g/100g
BlackOlivesSodium,SubstancePortion,880,mg/100g
BlackOlivesVitaminA,SubstancePortion,0.019,mg/100g
BlackOlivesVitaminC,SubstancePortion,1.1,mg/100g
KalamataOlivesCarbohydrate,SubstancePortion,13.33,g/100g
KalamataOlivesFat,SubstancePortion,30.0,g/100g
KalamataOlivesFoodEnergy,SubstancePortion,300,cal/100g
KalamataOlivesSodium,SubstancePortion,1733,mg/100g
AsparagusCalcium,SubstancePortion,20,mg/100g
AsparagusCarbohydrate,SubstancePortion,3.88,g/100g
AsparagusFat,SubstancePortion,0.12,g/100g
AsparagusFoodEnergy,SubstancePortion,20,cal/100g
AsparagusIron,SubstancePortion,0.82,mg/100g
AsparagusPotassium,SubstancePortion,202,mg/100g
AsparagusProtein,SubstancePortion,2.2,g/100g
AsparagusSodium,SubstancePortion,12,mg/100g
AsparagusVitaminA,SubstancePortion,0.275,mg/100g
AsparagusVitaminC,SubstancePortion,5.6,mg/100g
GarbanzoBeansCalcium,SubstancePortion,49,mg/100g
GarbanzoBeansCarbohydrate,SubstancePortion,27.42,g/100g
GarbanzoBeansFat,SubstancePortion,2.59,g/100g
GarbanzoBeansFoodEnergy,SubstancePortion,164,cal/100g
GarbanzoBeansIron,SubstancePortion,2.89,mg/100g
GarbanzoBeansPotassium,SubstancePortion,291,mg/100g
GarbanzoBeansProtein,SubstancePortion,8.86,g/100g
GarbanzoBeansSodium,SubstancePortion,24,mg/100g
GarbanzoBeansVitaminA,SubstancePortion,0.003,mg/100g
GarbanzoBeansVitaminC,SubstancePortion,1.3,mg/100g
BlackBeansCalcium,SubstancePortion,27,mg/100g
BlackBeansCarbohydrate,SubstancePortion,23.71,g/100g
BlackBeansFat,SubstancePortion,0.54,g/100g
BlackBeansFoodEnergy,SubstancePortion,132,cal/100g
BlackBeansIron,SubstancePortion,2.1,mg/100g
BlackBeansPotassium,SubstancePortion,355,mg/100g
BlackBeansProtein,SubstancePortion,8.86,g/100g
BlackBeansSodium,SubstancePortion,1,mg/100g
KidneyBeansCalcium,SubstancePortion,28,mg/100g
KidneyBeansCarbohydrate,SubstancePortion,22.8,g/100g
KidneyBeansFat,SubstancePortion,0.5,g/100g
KidneyBeansFoodEnergy,SubstancePortion,127,cal/100g
KidneyBeansIron,SubstancePortion,2.94,mg/100g
KidneyBeansPotassium,SubstancePortion,403,mg/100g
KidneyBeansProtein,SubstancePortion,8.67,g/100g
KidneyBeansSodium,SubstancePortion,2,mg/100g
FarfallePastaCarbohydrate,SubstancePortion,71,g/100g
FarfallePastaFat,SubstancePortion,1.2,g/100g
FarfallePastaFoodEnergy,SubstancePortion,351,cal/100g
FarfallePastaProtein,SubstancePortion,14,g/100g
OrzoPastaCarbohydrate,SubstancePortion,71,g/100g
OrzoPastaFat,SubstancePortion,3.5,g/100g
OrzoPastaFoodEnergy,SubstancePortion,357,cal/100g
OrzoPastaProtein,SubstancePortion,10.7,g/100g
BulgurCalcium,SubstancePortion,18,mg/100g
BulgurCarbohydrate,SubstancePortion,18.58,g/100g
BulgurFat,SubstancePortion,0.24,g/100g
BulgurFoodEnergy,SubstancePortion,83,cal/100g
BulgurIron,SubstancePortion,1.44,mg/100g
BulgurPotassium,SubstancePortion,68,mg/100g
BulgurProtein,SubstancePortion,3.08,g/100g
BulgurSodium,SubstancePortion,5,mg/100g
GreenBeansCalcium,SubstancePortion,37,mg/100g
GreenBeansCarbohydrate,SubstancePortion,7,g/100g
GreenBeansFat,SubstancePortion,0.1,g/100g
GreenBeansFoodEnergy,SubstancePortion,31,cal/100g
GreenBeansIron,SubstancePortion,1,mg/100g
GreenBeansPotassium,SubstancePortion,209,mg/100g
GreenBeansProtein,SubstancePortion,1.8,g/100g
GreenBeansSodium,SubstancePortion,6,mg/100g
GreenBeansVitaminA,SubstancePortion,0.004,mg/100g
GreenBeansVitaminC,SubstancePortion,14,mg/100g
WaxBeansCalcium,SubstancePortion,37,mg/100g
WaxBeansCarbohydrate,SubstancePortion,7.1,g/100g
WaxBeansFat,SubstancePortion,0.1,g/100g
WaxBeansFoodEnergy,SubstancePortion,31,cal/100g
WaxBeansIron,SubstancePortion,1,mg/100g
WaxBeansPotassium,SubstancePortion,209,mg/100g
WaxBeansProtein,SubstancePortion,1.8,g/100g
WaxBeansSodium,SubstancePortion,6,mg/100g
WaxBeansVitaminA,SubstancePortion,0.004,mg/100g
WaxBeansVitaminC,SubstancePortion,14,mg/100g
CookedPastaCalcium,SubstancePortion,7,mg/100g
CookedPastaCarbohydrate,SubstancePortion,24.93,g/100g
CookedPastaFat,SubstancePortion,1.05,g/100g
CookedPastaFoodEnergy,SubstancePortion,131,cal/100g
CookedPastaIron,SubstancePortion,0.63,mg/100g
CookedPastaPotassium,SubstancePortion,44,mg/100g
CookedPastaProtein,SubstancePortion,5.15,g/100g
CookedPastaSodium,SubstancePortion,1,mg/100g
CelerySeedCalcium,SubstancePortion,1240,mg/100g
CelerySeedCarbohydrate,SubstancePortion,41.35,g/100g
CelerySeedFat,SubstancePortion,25.27,g/100g
CelerySeedFoodEnergy,SubstancePortion,392,cal/100g
CelerySeedIron,SubstancePortion,17.1,mg/100g
CelerySeedPotassium,SubstancePortion,1400,mg/100g
CelerySeedProtein,SubstancePortion,18.07,g/100g
CelerySeedSodium,SubstancePortion,160,mg/100g
CelerySeedVitaminA,SubstancePortion,0.003,mg/100g
CelerySeedVitaminC,SubstancePortion,17.1,mg/100g
PickleRelishCalcium,SubstancePortion,3,mg/100g
PickleRelishCarbohydrate,SubstancePortion,35.06,g/100g
PickleRelishFat,SubstancePortion,0.47,g/100g
PickleRelishFoodEnergy,SubstancePortion,130,cal/100g
PickleRelishIron,SubstancePortion,0.87,mg/100g
PickleRelishPotassium,SubstancePortion,25,mg/100g
PickleRelishProtein,SubstancePortion,0.37,g/100g
PickleRelishSodium,SubstancePortion,811,mg/100g
PickleRelishVitaminA,SubstancePortion,0.042,mg/100g
PickleRelishVitaminC,SubstancePortion,1,mg/100g
DijonMustardCalcium,SubstancePortion,58,mg/100g
DijonMustardCarbohydrate,SubstancePortion,7.78,g/100g
DijonMustardFat,SubstancePortion,3.11,g/100g
DijonMustardFoodEnergy,SubstancePortion,66,cal/100g
DijonMustardIron,SubstancePortion,1.6,mg/100g
DijonMustardPotassium,SubstancePortion,152,mg/100g
DijonMustardProtein,SubstancePortion,3.95,g/100g
DijonMustardSodium,SubstancePortion,2383,mg/100g
DijonMustardVitaminA,SubstancePortion,0.02,mg/100g
DijonMustardVitaminC,SubstancePortion,0.3,mg/100g
PowderedSugarCalcium,SubstancePortion,0.4,mg/100g
PowderedSugarCarbohydrate,SubstancePortion,99.6,g/100g
PowderedSugarFat,SubstancePortion,0.1,g/100g
PowderedSugarFoodEnergy,SubstancePortion,389,cal/100g
PowderedSugarPotassium,SubstancePortion,0.3,mg/100g
PowderedSugarSodium,SubstancePortion,1.1,mg/100g
HorseradishCalcium,SubstancePortion,56,mg/100g
HorseradishCarbohydrate,SubstancePortion,11.29,g/100g
HorseradishFat,SubstancePortion,0.69,g/100g
HorseradishFoodEnergy,SubstancePortion,48,cal/100g
HorseradishIron,SubstancePortion,0.42,mg/100g
HorseradishPotassium,SubstancePortion,246,mg/100g
HorseradishProtein,SubstancePortion,1.18,g/100g
HorseradishSodium,SubstancePortion,420,mg/100g
HorseradishVitaminA,SubstancePortion,0.002,mg/100g
HorseradishVitaminC,SubstancePortion,24.9,mg/100g
PaprikaCalcium,SubstancePortion,229,mg/100g
PaprikaCarbohydrate,SubstancePortion,55.74,g/100g
PaprikaFat,SubstancePortion,12.89,g/100g
PaprikaFoodEnergy,SubstancePortion,282,cal/100g
PaprikaIron,SubstancePortion,21.14,mg/100g
PaprikaPotassium,SubstancePortion,2280,mg/100g
PaprikaProtein,SubstancePortion,14.14,g/100g
PaprikaSodium,SubstancePortion,68,mg/100g
PaprikaVitaminA,SubstancePortion,0.524,mg/100g
PaprikaVitaminC,SubstancePortion,0.9,mg/100g
SumacCalcium,SubstancePortion,96,mg/100g
SumacCarbohydrate,SubstancePortion,48.1,g/100g
SumacFat,SubstancePortion,14.4,g/100g
SumacFoodEnergy,SubstancePortion,281,cal/100g
SumacPotassium,SubstancePortion,1962,mg/100g
SumacProtein,SubstancePortion,13.3,g/100g
SumacSodium,SubstancePortion,2850,mg/100g
SumacVitaminA,SubstancePortion,0.011,mg/100g
SumacVitaminC,SubstancePortion,25.5,mg/100g
CroutonsCalcium,SubstancePortion,50,mg/100g
CroutonsCarbohydrate,SubstancePortion,63.5,g/100g
CroutonsFat,SubstancePortion,18.3,g/100g
CroutonsFoodEnergy,SubstancePortion,465,cal/100g
CroutonsIron,SubstancePortion,3.6,mg/100g
CroutonsPotassium,SubstancePortion,150,mg/100g
CroutonsProtein,SubstancePortion,10.8,g/100g
CroutonsSodium,SubstancePortion,698,mg/100g
CroutonsVitaminA,SubstancePortion,0.01,mg/100g
MiniMarshmallowsCarbohydrate,SubstancePortion,96.667,g/100g
MiniMarshmallowsFoodEnergy,SubstancePortion,400,cal/100g
MiniMarshmallowsProtein,SubstancePortion,3.333,g/100g
MiniMarshmallowsSodium,SubstancePortion,67,mg/100g
BreadCalcium,SubstancePortion,144,mg/100g
BreadCarbohydrate,SubstancePortion,49,g/100g
BreadFat,SubstancePortion,3.3,g/100g
BreadFoodEnergy,SubstancePortion,266,cal/100g
BreadIron,SubstancePortion,3.6,mg/100g
BreadPotassium,SubstancePortion,115,mg/100g
BreadProtein,SubstancePortion,8.9,g/100g
BreadSodium,SubstancePortion,491,mg/100g
HeavyWhippingCreamCalcium,SubstancePortion,66,mg/100g
HeavyWhippingCreamCarbohydrate,SubstancePortion,3.0,g/100g
HeavyWhippingCreamCholesterol,SubstancePortion,113,mg/100g
HeavyWhippingCreamFat,SubstancePortion,43.0,g/100g
HeavyWhippingCreamFoodEnergy,SubstancePortion,408,cal/100g
HeavyWhippingCreamProtein,SubstancePortion,3.0,g/100g
HeavyWhippingCreamSodium,SubstancePortion,35,mg/100g
HeavyWhippingCreamVitaminA,SubstancePortion,0.55,mg/100g
GreekYogurtCalcium,SubstancePortion,100,mg/100g
GreekYogurtCarbohydrate,SubstancePortion,4.0,g/100g
GreekYogurtCholesterol,SubstancePortion,13,mg/100g
GreekYogurtFat,SubstancePortion,5.0,g/100g
GreekYogurtFoodEnergy,SubstancePortion,97,cal/100g
GreekYogurtPotassium,SubstancePortion,141,mg/100g
GreekYogurtProtein,SubstancePortion,9.0,g/100g
GreekYogurtSodium,SubstancePortion,35,mg/100g
GreekYogurtVitaminA,SubstancePortion,0.003,mg/100g
YogurtCalcium,SubstancePortion,121,mg/100g
YogurtCarbohydrate,SubstancePortion,4.7,g/100g
YogurtCholesterol,SubstancePortion,13,mg/100g
YogurtFat,SubstancePortion,3.3,g/100g
YogurtFoodEnergy,SubstancePortion,61,cal/100g
YogurtPotassium,SubstancePortion,155,mg/100g
YogurtProtein,SubstancePortion,3.5,g/100g
YogurtSodium,SubstancePortion,46,mg/100g
YogurtVitaminA,SubstancePortion,0.003,mg/100g
MayonnaiseCarbohydrate,SubstancePortion,23900,mg/100g
MayonnaiseCholesterol,SubstancePortion,420,mg/100g
MayonnaiseFat,SubstancePortion,33400,mg/100g
MayonnaiseFoodEnergy,SubstancePortion,390,cal/100g
MayonnaiseIron,SubstancePortion,0.3,mg/100g
MayonnaisePotassium,SubstancePortion,20,mg/100g
MayonnaiseProtein,SubstancePortion,900,mg/100g
MayonnaiseSodium,SubstancePortion,635,mg/100g
MayonnaiseVitaminE,SubstancePortion,13,mg/100g
MayonnaiseLutein,SubstancePortion,0.004,mg/100g
MayonnaiseZeaxanthin,SubstancePortion,0.004,mg/100g
MayonnaiseVitaminB9,SubstancePortion,0.00069,mg/100g
DijonMustardVitaminE,SubstancePortion,5.1,mg/100g
DijonMustardZinc,SubstancePortion,0.1,mg/100g
DijonMustardOmega-3,SubstancePortion,100,mg/100g
DijonMustardVitaminB9,SubstancePortion,0.015,mg/100g
ItalianDressingCarbohydrate,SubstancePortion,10.43,g/100g
ItalianDressingFat,SubstancePortion,28.37,g/100g
ItalianDressingFoodEnergy,SubstancePortion,291,cal/100g
ItalianDressingIron,SubstancePortion,0.2,mg/100g
ItalianDressingPotassium,SubstancePortion,9,mg/100g
ItalianDressingProtein,SubstancePortion,0.38,g/100g
ItalianDressingSodium,SubstancePortion,1120,mg/100g
ItalianDressingVitaminE,SubstancePortion,1,mg/100g
ItalianDressingLutein,SubstancePortion,0.004,mg/100g
ItalianDressingZeaxanthin,SubstancePortion,0.004,mg/100g
ItalianDressingOmega-3,SubstancePortion,100,mg/100g
SaladDressingCarbohydrate,SubstancePortion,14.78,g/100g
SaladDressingCholesterol,SubstancePortion,3,mg/100g
SaladDressingFat,SubstancePortion,21.6,g/100g
SaladDressingFoodEnergy,SubstancePortion,250,cal/100g
SaladDressingIron,SubstancePortion,0.2,mg/100g
SaladDressingPotassium,SubstancePortion,10,mg/100g
SaladDressingProtein,SubstancePortion,0.5,g/100g
SaladDressingSodium,SubstancePortion,640,mg/100g
SaladDressingVitaminE,SubstancePortion,0.5,mg/100g
SaladDressingZinc,SubstancePortion,0.2,mg/100g
SaladDressingOmega-3,SubstancePortion,300,mg/100g
SaladDressingVitaminB9,SubstancePortion,0.01,mg/100g
WorcestershireSauceCarbohydrate,SubstancePortion,19.46,g/100g
WorcestershireSauceFoodEnergy,SubstancePortion,67,cal/100g
WorcestershireSauceIron,SubstancePortion,0.2,mg/100g
WorcestershireSaucePotassium,SubstancePortion,100,mg/100g
WorcestershireSauceSodium,SubstancePortion,1300,mg/100g
WorcestershireSauceVitaminE,SubstancePortion,0.1,mg/100g
WorcestershireSauceZinc,SubstancePortion,0.03,mg/100g
LemonJuiceCalcium,SubstancePortion,6,mg/100g
LemonJuiceCarbohydrate,SubstancePortion,8.63,g/100g
LemonJuiceFoodEnergy,SubstancePortion,25,cal/100g
LemonJuiceIron,SubstancePortion,0.08,mg/100g
LemonJuicePotassium,SubstancePortion,103,mg/100g
LemonJuiceProtein,SubstancePortion,0.38,g/100g
LemonJuiceSodium,SubstancePortion,1,mg/100g
LemonJuiceVitaminC,SubstancePortion,38.7,mg/100g
LemonJuiceVitaminE,SubstancePortion,0.37,mg/100g
LemonJuiceLutein,SubstancePortion,0.0366,mg/100g
LemonJuiceZeaxanthin,SubstancePortion,0.0366,mg/100g
LemonJuiceZinc,SubstancePortion,0.02,mg/100g
LemonJuiceVitaminB9,SubstancePortion,0.011,mg/100g
LimeJuiceCalcium,SubstancePortion,33,mg/100g
LimeJuiceCarbohydrate,SubstancePortion,8.42,g/100g
LimeJuiceFat,SubstancePortion,0.07,g/100g
LimeJuiceFoodEnergy,SubstancePortion,25,cal/100g
LimeJuiceIron,SubstancePortion,0.6,mg/100g
LimeJuicePotassium,SubstancePortion,102,mg/100g
LimeJuiceProtein,SubstancePortion,0.42,g/100g
LimeJuiceSodium,SubstancePortion,2,mg/100g
LimeJuiceVitaminC,SubstancePortion,29.1,mg/100g
LimeJuiceVitaminE,SubstancePortion,0.08,mg/100g
LimeJuiceLutein,SubstancePortion,0.04,mg/100g
LimeJuiceZeaxanthin,SubstancePortion,0.04,mg/100g
LimeJuiceZinc,SubstancePortion,0.03,mg/100g
LimeJuiceVitaminB9,SubstancePortion,0.01,mg/100g
OilFat,SubstancePortion,100,g/100g
OilFoodEnergy,SubstancePortion,884,cal/100g
OliveOilCalcium,SubstancePortion,1,mg/100g
OliveOilFat,SubstancePortion,100,g/100g
OliveOilFoodEnergy,SubstancePortion,884,cal/100g
OliveOilIron,SubstancePortion,0.56,mg/100g
OliveOilPotassium,SubstancePortion,1,mg/100g
OliveOilSodium,SubstancePortion,2,mg/100g
OliveOilVitaminE,SubstancePortion,14,mg/100g
OliveOilOmega-3,SubstancePortion,103,mg/100g
HoneyCalcium,SubstancePortion,6,mg/100g
HoneyCarbohydrate,SubstancePortion,82.4,g/100g
HoneyFoodEnergy,SubstancePortion,304,cal/100g
HoneyIron,SubstancePortion,0.42,mg/100g
HoneyPotassium,SubstancePortion,52,mg/100g
HoneyProtein,SubstancePortion,0.3,g/100g
HoneySodium,SubstancePortion,4,mg/100g
HoneyVitaminC,SubstancePortion,0.5,mg/100g
HoneyVitaminB9,SubstancePortion,0.00042,mg/100g
MapleSyrupCalcium,SubstancePortion,102,mg/100g
MapleSyrupCarbohydrate,SubstancePortion,67.04,g/100g
MapleSyrupFat,SubstancePortion,0.06,g/100g
MapleSyrupFoodEnergy,SubstancePortion,260,cal/100g
MapleSyrupIron,SubstancePortion,0.11,mg/100g
MapleSyrupPotassium,SubstancePortion,212,mg/100g
MapleSyrupProtein,SubstancePortion,0.04,g/100g
MapleSyrupSodium,SubstancePortion,12,mg/100g
MapleSyrupZinc,SubstancePortion,0.82,mg/100g
KetchupCalcium,SubstancePortion,15,mg/100g
KetchupCarbohydrate,SubstancePortion,25.08,g/100g
KetchupFat,SubstancePortion,0.38,g/100g
KetchupFoodEnergy,SubstancePortion,97,cal/100g
KetchupIron,SubstancePortion,0.26,mg/100g
KetchupPotassium,SubstancePortion,321,mg/100g
KetchupProtein,SubstancePortion,1.74,g/100g
KetchupSodium,SubstancePortion,907,mg/100g
KetchupVitaminA,SubstancePortion,0.015,mg/100g
KetchupVitaminC,SubstancePortion,15.1,mg/100g
KetchupZinc,SubstancePortion,0.17,mg/100g
KetchupVitaminB9,SubstancePortion,0.004,mg/100g
BalsamicVinaigretteCarbohydrate,SubstancePortion,5,g/100g
BalsamicVinaigretteFat,SubstancePortion,71.3,g/100g
BalsamicVinaigretteFoodEnergy,SubstancePortion,628,cal/100g
BalsamicVinaigretteProtein,SubstancePortion,4,g/100g
RedWineVinaigretteCarbohydrate,SubstancePortion,7,g/100g
RedWineVinaigretteFat,SubstancePortion,64,g/100g
RedWineVinaigretteFoodEnergy,SubstancePortion,643,cal/100g
AppleCiderVinaigretteCarbohydrate,SubstancePortion,7,g/100g
AppleCiderVinaigretteFat,SubstancePortion,64,g/100g
AppleCiderVinaigretteFoodEnergy,SubstancePortion,571,cal/100g
VinegarCalcium,SubstancePortion,1.05,mg/100g
VinegarCarbohydrate,SubstancePortion,0.1,g/100g
VinegarFoodEnergy,SubstancePortion,3.2,cal/100g
VinegarIron,SubstancePortion,0.03,mg/100g
VinegarPotassium,SubstancePortion,11,mg/100g
VinegarSodium,SubstancePortion,0.8,mg/100g
BalsamicGlazeCarbohydrate,SubstancePortion,47,g/100g
BalsamicGlazeFoodEnergy,SubstancePortion,233,cal/100g
RanchDressingCarbohydrate,SubstancePortion,5.9,g/100g
RanchDressingFat,SubstancePortion,45,g/100g
RanchDressingFoodEnergy,SubstancePortion,430,cal/100g
RanchDressingProtein,SubstancePortion,1.3,g/100g
RanchDressingSodium,SubstancePortion,901,mg/100g
RanchDressingVitaminA,SubstancePortion,0.015,mg/100g
RanchDressingVitaminE,SubstancePortion,2.2,mg/100g
RanchDressingLutein,SubstancePortion,0.004,mg/100g
RanchDressingZeaxanthin,SubstancePortion,0.004,mg/100g
RanchDressingZinc,SubstancePortion,0.17,mg/100g
RanchDressingOmega-3,SubstancePortion,490,mg/100g
RanchDressingVitaminB9,SubstancePortion,0.004,mg/100g
CaesarDressingCarbohydrate,SubstancePortion,3.3,g/100g
CaesarDressingFat,SubstancePortion,58,g/100g
CaesarDressingFoodEnergy,SubstancePortion,542,cal/100g
CaesarDressingProtein,SubstancePortion,2.2,g/100g
CaesarDressingVitaminA,SubstancePortion,0.009,mg/100g
CaesarDressingVitaminC,SubstancePortion,0.3,mg/100g
CaesarDressingVitaminE,SubstancePortion,4.7,mg/100g
CaesarDressingLutein,SubstancePortion,0.004,mg/100g
CaesarDressingZeaxanthin,SubstancePortion,0.004,mg/100g
CaesarDressingZinc,SubstancePortion,0.1,mg/100g
CaesarDressingOmega-3,SubstancePortion,566,mg/100g
CaesarDressingVitaminB9,SubstancePortion,0.012,mg/100g
BaconVitaminE,SubstancePortion,0.43,mg/100g
BaconZinc,SubstancePortion,1.2,mg/100g
BaconOmega-3,SubstancePortion,230,mg/100g
DeliHamVitaminE,SubstancePortion,0.24,mg/100g
DeliHamZinc,SubstancePortion,1.2,mg/100g
DeliHamVitaminB9,SubstancePortion,0.01,mg/100g
DicedChickenVitaminE,SubstancePortion,0.27,mg/100g
DicedChickenZinc,SubstancePortion,1.9,mg/100g
DicedChickenVitaminB9,SubstancePortion,0.004,mg/100g
DeliTurkeyVitaminE,SubstancePortion,0.1,mg/100g
DeliTurkeyZinc,SubstancePortion,2.38,mg/100g
CookedTurkeyVitaminE,SubstancePortion,0.09,mg/100g
CookedTurkeyZinc,SubstancePortion,2.38,mg/100g
TunaVitaminE,SubstancePortion,0.29,mg/100g
TunaZinc,SubstancePortion,0.45,mg/100g
TunaOmega-3,SubstancePortion,1000,mg/100g
CrabZinc,SubstancePortion,8,mg/100g
CrabOmega-3,SubstancePortion,300,mg/100g
CrabVitaminB9,SubstancePortion,0.1,mg/100g
HardBoiledEggsVitaminE,SubstancePortion,1.05,mg/100g
HardBoiledEggsLutein,SubstancePortion,0.3,mg/100g
HardBoiledEggsZeaxanthin,SubstancePortion,0.3,mg/100g
HardBoiledEggsZinc,SubstancePortion,1.29,mg/100g
HardBoiledEggsOmega-3,SubstancePortion,300,mg/100g
HardBoiledEggsVitaminB9,SubstancePortion,0.047,mg/100g
AppleVitaminE,SubstancePortion,0.2,mg/100g
PineappleVitaminE,SubstancePortion,0.2,mg/100g
PineappleZinc,SubstancePortion,1,mg/100g
StrawberriesVitaminE,SubstancePortion,0.29,mg/100g
StrawberriesZinc,SubstancePortion,0.14,mg/100g
StrawberriesOmega-3,SubstancePortion,65,mg/100g
StrawberriesVitaminB9,SubstancePortion,0.024,mg/100g
BlueberriesVitaminE,SubstancePortion,0.57,mg/100g
BlueberriesZinc,SubstancePortion,0.16,mg/100g
BlueberriesOmega-3,SubstancePortion,58,mg/100g
BlueberriesVitaminB9,SubstancePortion,0.006,mg/100g
KiwiVitaminE,SubstancePortion,1.5,mg/100g
KiwiZinc,SubstancePortion,0.14,mg/100g
GrapesVitaminE,SubstancePortion,0.17,mg/100g
GrapesLutein,SubstancePortion,0.066,mg/100g
GrapesZeaxanthin,SubstancePortion,0.066,mg/100g
GrapesZinc,SubstancePortion,0.07,mg/100g
GrapesOmega-3,SubstancePortion,11,mg/100g
GrapesVitaminB9,SubstancePortion,0.002,mg/100g
MangoVitaminE,SubstancePortion,2.46,mg/100g
MangoLutein,SubstancePortion,0.038,mg/100g
MangoZeaxanthin,SubstancePortion,0.038,mg/100g
MangoZinc,SubstancePortion,0.11,mg/100g
MangoVitaminB9,SubstancePortion,0.053,mg/100g
FigsVitaminE,SubstancePortion,0.11,mg/100g
FigsZinc,SubstancePortion,0.15,mg/100g
FigsVitaminB9,SubstancePortion,0.006,mg/100g
BlueCheeseCrumblesVitaminE,SubstancePortion,0.25,mg/100g
BlueCheeseCrumblesZinc,SubstancePortion,2.66,mg/100g
BlueCheeseCrumblesOmega-3,SubstancePortion,0.083,mg/100g
BlueCheeseCrumblesVitaminB9,SubstancePortion,0.032,mg/100g
FetaCubesOrCrumblesVitaminE,SubstancePortion,0.18,mg/100g
FetaCubesOrCrumblesZinc,SubstancePortion,2.88,mg/100g
FetaCubesOrCrumblesVitaminB9,SubstancePortion,0.032,mg/100g
MozzarellaVitaminE,SubstancePortion,0.05,mg/100g
MozzarellaZinc,SubstancePortion,2.83,mg/100g
MozzarellaVitaminB9,SubstancePortion,0.002,mg/100g
CheddarCheeseVitaminE,SubstancePortion,0.71,mg/100g
CheddarCheeseZinc,SubstancePortion,3.11,mg/100g
CheddarCheeseOmega-3,SubstancePortion,0.114,mg/100g
CheddarCheeseVitaminB9,SubstancePortion,0.007,mg/100g
ParmesanCheeseVitaminE,SubstancePortion,0.1,mg/100g
ParmesanCheeseZinc,SubstancePortion,3.93,mg/100g
ParmesanCheeseVitaminB9,SubstancePortion,0.002,mg/100g
LettuceVitaminE,SubstancePortion,0.22,mg/100g
LettuceLutein,SubstancePortion,1.73,mg/100g
LettuceZeaxanthin,SubstancePortion,1.73,mg/100g
LettuceZinc,SubstancePortion,0.18,mg/100g
LettuceVitaminB9,SubstancePortion,0.038,mg/100g
MandarinOrangesVitaminE,SubstancePortion,0.25,mg/100g
MandarinOrangesLutein,SubstancePortion,0.406,mg/100g
MandarinOrangesZeaxanthin,SubstancePortion,0.406,mg/100g
MandarinOrangesVitaminB9,SubstancePortion,0.012,mg/100g
GrapesRaisinsVitaminE,SubstancePortion,0.12,mg/100g
GrapesRaisinsZinc,SubstancePortion,0.18,mg/100g
GrapesRaisinsVitaminB9,SubstancePortion,0.003,mg/100g
FetaCubesOrCrumblesOmega-3,SubstancePortion,0.083,mg/100g
MozzarellaOmega-3,SubstancePortion,0.083,mg/100g
ParmesanCheeseOmega-3,SubstancePortion,0.083,mg/100g
WhiteCabbageVitaminE,SubstancePortion,0.15,mg/100g
WhiteCabbageLutein,SubstancePortion,0.03,mg/100g
WhiteCabbageZeaxanthin,SubstancePortion,0.03,mg/100g
WhiteCabbageZinc,SubstancePortion,0.18,mg/100g
WhiteCabbageVitaminB9,SubstancePortion,0.043,mg/100g
RedCabbageVitaminE,SubstancePortion,0.11,mg/100g
RedCabbageLutein,SubstancePortion,0.329,mg/100g
RedCabbageZeaxanthin,SubstancePortion,0.329,mg/100g
RedCabbageZinc,SubstancePortion,0.18,mg/100g
RedCabbageVitaminB9,SubstancePortion,0.043,mg/100g
NapaCabbageVitaminE,SubstancePortion,0.01,mg/100g
NapaCabbageLutein,SubstancePortion,0.0056,mg/100g
NapaCabbageZeaxanthin,SubstancePortion,0.0056,mg/100g
NapaCabbageZinc,SubstancePortion,0.18,mg/100g
NapaCabbageVitaminB9,SubstancePortion,0.079,mg/100g
GreenCabbageVitaminE,SubstancePortion,0.15,mg/100g
GreenCabbageLutein,SubstancePortion,0.03,mg/100g
GreenCabbageZeaxanthin,SubstancePortion,0.03,mg/100g
GreenCabbageZinc,SubstancePortion,0.18,mg/100g
GreenCabbageVitaminB9,SubstancePortion,0.043,mg/100g
ParsleyVitaminE,SubstancePortion,8.96,mg/100g
ParsleyLutein,SubstancePortion,2.428,mg/100g
ParsleyZeaxanthin,SubstancePortion,2.428,mg/100g
ParsleyZinc,SubstancePortion,1.07,mg/100g
ParsleyVitaminB9,SubstancePortion,0.152,mg/100g
CeleryLeavesVitaminE,SubstancePortion,0.27,mg/100g
CeleryLeavesLutein,SubstancePortion,0.2,mg/100g
CeleryLeavesZeaxanthin,SubstancePortion,0.2,mg/100g
CeleryLeavesZinc,SubstancePortion,0.13,mg/100g
CeleryLeavesVitaminB9,SubstancePortion,0.036,mg/100g
RomaineLettuceVitaminE,SubstancePortion,0.12,mg/100g
RomaineLettuceLutein,SubstancePortion,0.5465,mg/100g
RomaineLettuceZeaxanthin,SubstancePortion,0.5465,mg/100g
RomaineLettuceZinc,SubstancePortion,0.18,mg/100g
RomaineLettuceOmega-3,SubstancePortion,0.11,mg/100g
RomaineLettuceVitaminB9,SubstancePortion,0.136,mg/100g
IcebergLettuceVitaminE,SubstancePortion,0.18,mg/100g
IcebergLettuceLutein,SubstancePortion,0.1,mg/100g
IcebergLettuceZeaxanthin,SubstancePortion,0.1,mg/100g
IcebergLettuceZinc,SubstancePortion,0.18,mg/100g
IcebergLettuceVitaminB9,SubstancePortion,0.029,mg/100g
BostonLettuceVitaminE,SubstancePortion,0.01,mg/100g
BostonLettuceLutein,SubstancePortion,0.0917,mg/100g
BostonLettuceZeaxanthin,SubstancePortion,0.0917,mg/100g
BostonLettuceZinc,SubstancePortion,0.18,mg/100g
BostonLettuceVitaminB9,SubstancePortion,0.0055,mg/100g
CarrotsVitaminE,SubstancePortion,0.48,mg/100g
CarrotsLutein,SubstancePortion,0.184,mg/100g
CarrotsZeaxanthin,SubstancePortion,0.184,mg/100g
CarrotsZinc,SubstancePortion,0.17,mg/100g
CarrotsVitaminB9,SubstancePortion,0.024,mg/100g
RadishesLutein,SubstancePortion,0.01,mg/100g
RadishesZeaxanthin,SubstancePortion,0.01,mg/100g
RadishesZinc,SubstancePortion,0.2,mg/100g
RadishesVitaminB9,SubstancePortion,0.025,mg/100g
RedOnionVitaminE,SubstancePortion,0.6,mg/100g
RedOnionLutein,SubstancePortion,0.01,mg/100g
RedOnionZeaxanthin,SubstancePortion,0.01,mg/100g
RedOnionZinc,SubstancePortion,2.97,mg/100g
RedOnionVitaminB9,SubstancePortion,0.019,mg/100g
WhiteOnionVitaminE,SubstancePortion,0.03,mg/100g
WhiteOnionLutein,SubstancePortion,0.01,mg/100g
WhiteOnionZeaxanthin,SubstancePortion,0.01,mg/100g
WhiteOnionZinc,SubstancePortion,0.2,mg/100g
WhiteOnionVitaminB9,SubstancePortion,0.019,mg/100g
GreenOnionsVitaminE,SubstancePortion,0.55,mg/100g
GreenOnionsLutein,SubstancePortion,0.1,mg/100g
GreenOnionsZeaxanthin,SubstancePortion,0.1,mg/100g
GreenOnionsZinc,SubstancePortion,0.39,mg/100g
GreenOnionsVitaminB9,SubstancePortion,0.064,mg/100g
CeleryVitaminE,SubstancePortion,0.27,mg/100g
CeleryLutein,SubstancePortion,0.1,mg/100g
CeleryZeaxanthin,SubstancePortion,0.1,mg/100g
CeleryZinc,SubstancePortion,0.13,mg/100g
CeleryVitaminB9,SubstancePortion,0.036,mg/100g
GarlicVitaminE,SubstancePortion,0.08,mg/100g
GarlicZinc,SubstancePortion,1.16,mg/100g
GarlicVitaminB9,SubstancePortion,0.003,mg/100g
ShallotsVitaminE,SubstancePortion,0.1,mg/100g
ShallotsZinc,SubstancePortion,0.4,mg/100g
ShallotsVitaminB9,SubstancePortion,0.034,mg/100g
TomatoVitaminE,SubstancePortion,0.54,mg/100g
TomatoLutein,SubstancePortion,0.123,mg/100g
TomatoZeaxanthin,SubstancePortion,0.123,mg/100g
TomatoZinc,SubstancePortion,0.17,mg/100g
TomatoVitaminB9,SubstancePortion,0.015,mg/100g
CherryTomatoVitaminE,SubstancePortion,0.54,mg/100g
CherryTomatoLutein,SubstancePortion,0.123,mg/100g
CherryTomatoZeaxanthin,SubstancePortion,0.123,mg/100g
CherryTomatoZinc,SubstancePortion,0.17,mg/100g
CherryTomatoVitaminB9,SubstancePortion,0.015,mg/100g
CucumberVitaminE,SubstancePortion,0.03,mg/100g
CucumberZinc,SubstancePortion,0.2,mg/100g
CucumberVitaminB9,SubstancePortion,0.007,mg/100g
OlivesVitaminE,SubstancePortion,3.81,mg/100g
OlivesZinc,SubstancePortion,0.22,mg/100g
OlivesVitaminB9,SubstancePortion,0.003,mg/100g
AvocadoVitaminE,SubstancePortion,2.66,mg/100g
AvocadoLutein,SubstancePortion,0.185,mg/100g
AvocadoZeaxanthin,SubstancePortion,0.185,mg/100g
AvocadoZinc,SubstancePortion,0.64,mg/100g
AvocadoVitaminB9,SubstancePortion,0.089,mg/100g
BellPepperVitaminE,SubstancePortion,0.37,mg/100g
BellPepperLutein,SubstancePortion,0.051,mg/100g
BellPepperZeaxanthin,SubstancePortion,0.051,mg/100g
BellPepperZinc,SubstancePortion,0.13,mg/100g
BellPepperVitaminB9,SubstancePortion,0.056,mg/100g
AsparagusVitaminE,SubstancePortion,1.5,mg/100g
AsparagusLutein,SubstancePortion,0.951,mg/100g
AsparagusZeaxanthin,SubstancePortion,0.951,mg/100g
AsparagusZinc,SubstancePortion,0.54,mg/100g
AsparagusVitaminB9,SubstancePortion,0.07,mg/100g
ChickpeasVitaminE,SubstancePortion,1,mg/100g
ChickpeasZinc,SubstancePortion,3,mg/100g
ChickpeasVitaminB9,SubstancePortion,0.172,mg/100g
BlackBeansZinc,SubstancePortion,1.12,mg/100g
BlackBeansVitaminB9,SubstancePortion,0.149,mg/100g
KidneyBeansVitaminE,SubstancePortion,1.54,mg/100g
KidneyBeansZinc,SubstancePortion,1.07,mg/100g
KidneyBeansOmega-3,SubstancePortion,0.36,mg/100g
KidneyBeansVitaminB9,SubstancePortion,0.131,mg/100g
PastaZinc,SubstancePortion,1.1,mg/100g
PastaVitaminB9,SubstancePortion,0.026,mg/100g
BulgurVitaminE,SubstancePortion,0.01,mg/100g
BulgurZinc,SubstancePortion,1.04,mg/100g
BulgurVitaminB9,SubstancePortion,0.018,mg/100g
GreenBeansVitaminE,SubstancePortion,0.46,mg/100g
GreenBeansLutein,SubstancePortion,0.641,mg/100g
GreenBeansZeaxanthin,SubstancePortion,0.641,mg/100g
GreenBeansZinc,SubstancePortion,0.24,mg/100g
GreenBeansVitaminB9,SubstancePortion,0.041,mg/100g
WaxBeansVitaminE,SubstancePortion,0.94,mg/100g
WaxBeansZinc,SubstancePortion,1.1,mg/100g
CookedPastaVitaminE,SubstancePortion,0.06,mg/100g
CookedPastaLutein,SubstancePortion,0.007,mg/100g
CookedPastaZeaxanthin,SubstancePortion,0.007,mg/100g
CookedPastaZinc,SubstancePortion,0.27,mg/100g
CookedPastaVitaminB9,SubstancePortion,0.007,mg/100g
BulgurLutein,SubstancePortion,0.054,mg/100g
BulgurZeaxanthin,SubstancePortion,0.054,mg/100g
BulgurOmega-3,SubstancePortion,0.004,mg/100g
GarbanzoBeansVitaminE,SubstancePortion,1,mg/100g
GarbanzoBeansZinc,SubstancePortion,3,mg/100g
GarbanzoBeansVitaminB9,SubstancePortion,0.172,mg/100g
PickleRelishVitaminE,SubstancePortion,0.58,mg/100g
PickleRelishLutein,SubstancePortion,0.059,mg/100g
PickleRelishZeaxanthin,SubstancePortion,0.059,mg/100g
PickleRelishZinc,SubstancePortion,0.14,mg/100g
PickleRelishVitaminB9,SubstancePortion,0.001,mg/100g
PaprikaVitaminE,SubstancePortion,2.0,mg/100g
PaprikaZinc,SubstancePortion,0.3,mg/100g
PaprikaOmega-3,SubstancePortion,31,mg/100g
PaprikaVitaminB9,SubstancePortion,0.005,mg/100g
CroutonsVitaminE,SubstancePortion,0.4,mg/100g
CroutonsZinc,SubstancePortion,0.89,mg/100g
BreadVitaminE,SubstancePortion,2.66,mg/100g
BreadOmega-3,SubstancePortion,89,mg/100g
BreadVitaminB9,SubstancePortion,0.085,mg/100g
GreekYogurtZinc,SubstancePortion,0.89,mg/100g
GreekYogurtVitaminE,SubstancePortion,0.25,mg/100g
RanchVitaminE,SubstancePortion,0.2,mg/100g
RanchZinc,SubstancePortion,0.1,mg/100g
RanchOmega-3,SubstancePortion,100,mg/100g
MayonnaiseZinc,SubstancePortion,0.18,mg/100g
MayonnaiseOmega-3,SubstancePortion,1000,mg/100g
HeavyCreamVitaminE,SubstancePortion,3,mg/100g
HeavyCreamZinc,SubstancePortion,1,mg/100g
BalsamicVinaigretteOmega-3,SubstancePortion,400,mg/100g
RedWineVinaigretteVitaminE,SubstancePortion,3,mg/100g
LimeJuiceOmega-3,SubstancePortion,19,mg/100g
HoneyZinc,SubstancePortion,0.05,mg/100g
KetchupVitaminE,SubstancePortion,1.5,mg/100g
WalnutCarbohydrate,SubstancePortion,14000,mg/100g
WalnutFat,SubstancePortion,65000,mg/100g
WalnutFoodEnergy,SubstancePortion,654,cal/100g
WalnutIron,SubstancePortion,3,mg/100g
WalnutPotassium,SubstancePortion,441,mg/100g
WalnutProtein,SubstancePortion,15000,mg/100g
WalnutSodium,SubstancePortion,2,mg/100g
WalnutVitaminA,SubstancePortion,0.012,mg/100g
WalnutVitaminC,SubstancePortion,0.4,mg/100g
WalnutVitaminE,SubstancePortion,0.2,mg/100g
WalnutZinc,SubstancePortion,0.88,mg/100g
WalnutOmega-3,SubstancePortion,9100,mg/100g
WalnutVitaminB9,SubstancePortion,0.098,mg/100g
RedGrapeCarbohydrate,SubstancePortion,17700,mg/100g
RedGrapeFoodEnergy,SubstancePortion,69,cal/100g
RedGrapeIron,SubstancePortion,0.9,mg/100g
RedGrapePotassium,SubstancePortion,487.3,mg/100g
RedGrapeProtein,SubstancePortion,1200,mg/100g
RedGrapeSodium,SubstancePortion,5.1,mg/100g
RedGrapeVitaminA,SubstancePortion,0.0018,mg/100g
RedGrapeVitaminC,SubstancePortion,3.3,mg/100g
RedGrapeVitaminE,SubstancePortion,0.2,mg/100g
RedGrapeZinc,SubstancePortion,0.04,mg/100g
RedGrapeVitaminB9,SubstancePortion,0.002,mg/100g
WhiteWineVinaigretteCarbohydrate,SubstancePortion,4000,mg/100g
WhiteWineVinaigretteFat,SubstancePortion,28000,mg/100g
WhiteWineVinaigretteFoodEnergy,SubstancePortion,275,cal/100g
WhiteWineVinaigretteIron,SubstancePortion,0.2,mg/100g
WhiteWineVinaigrettePotassium,SubstancePortion,20,mg/100g
WhiteWineVinaigretteProtein,SubstancePortion,100,mg/100g
WhiteWineVinaigretteSodium,SubstancePortion,500,mg/100g
WhiteWineVinaigretteVitaminE,SubstancePortion,1,mg/100g
WhiteWineVinaigretteZinc,SubstancePortion,0.1,mg/100g
WhiteWineVinaigretteOmega-3,SubstancePortion,300,mg/100g
RedPotatoCarbohydrate,SubstancePortion,15900,mg/100g
RedPotatoFat,SubstancePortion,140,mg/100g
RedPotatoFoodEnergy,SubstancePortion,72,cal/100g
RedPotatoIron,SubstancePortion,0.73,mg/100g
RedPotatoPotassium,SubstancePortion,455,mg/100g
RedPotatoProtein,SubstancePortion,1890,mg/100g
RedPotatoSodium,SubstancePortion,6,mg/100g
RedPotatoVitaminC,SubstancePortion,19.7,mg/100g
RedPotatoZinc,SubstancePortion,0.3,mg/100g
RedPotatoVitaminB9,SubstancePortion,0.031,mg/100g
OnionCarbohydrate,SubstancePortion,9100,mg/100g
OnionFat,SubstancePortion,100,mg/100g
OnionFoodEnergy,SubstancePortion,40,cal/100g
OnionIron,SubstancePortion,0.19,mg/100g
OnionPotassium,SubstancePortion,146,mg/100g
OnionProtein,SubstancePortion,920,mg/100g
OnionSodium,SubstancePortion,3,mg/100g
OnionVitaminC,SubstancePortion,6.4,mg/100g
OnionZinc,SubstancePortion,0.17,mg/100g
OnionVitaminB9,SubstancePortion,0.02,mg/100g
FetaCheeseCarbohydrate,SubstancePortion,4090,mg/100g
FetaCheeseCholesterol,SubstancePortion,89,mg/100g
FetaCheeseFat,SubstancePortion,21280,mg/100g
FetaCheeseFoodEnergy,SubstancePortion,264,cal/100g
FetaCheeseIron,SubstancePortion,0.65,mg/100g
FetaCheesePotassium,SubstancePortion,62,mg/100g
FetaCheeseProtein,SubstancePortion,14210,mg/100g
FetaCheeseSodium,SubstancePortion,1116,mg/100g
FetaCheeseVitaminA,SubstancePortion,0.125,mg/100g
FetaCheeseVitaminE,SubstancePortion,0.3,mg/100g
FetaCheeseZinc,SubstancePortion,4.3,mg/100g
FetaCheeseVitaminB9,SubstancePortion,0.05,mg/100g
RedPotatoCarbohydrate,SubstancePortion,15900,mg/100g
RedPotatoFat,SubstancePortion,140,mg/100g
RedPotatoFoodEnergy,SubstancePortion,72,cal/100g
RedPotatoIron,SubstancePortion,0.73,mg/100g
RedPotatoPotassium,SubstancePortion,455,mg/100g
RedPotatoProtein,SubstancePortion,1890,mg/100g
RedPotatoSodium,SubstancePortion,6,mg/100g
RedPotatoVitaminC,SubstancePortion,19.7,mg/100g
RedPotatoZinc,SubstancePortion,0.3,mg/100g
RedPotatoVitaminB9,SubstancePortion,0.018,mg/100g
CookedHamCarbohydrate,SubstancePortion,260,mg/100g
CookedHamCholesterol,SubstancePortion,58,mg/100g
CookedHamFat,SubstancePortion,8340,mg/100g
CookedHamFoodEnergy,SubstancePortion,172,cal/100g
CookedHamIron,SubstancePortion,1.37,mg/100g
CookedHamPotassium,SubstancePortion,386,mg/100g
CookedHamProtein,SubstancePortion,22300,mg/100g
CookedHamSodium,SubstancePortion,1442,mg/100g
CookedHamZinc,SubstancePortion,2.61,mg/100g
